Id_pacjenci,Imie,Nazwisko,Data_urodzenia,Pesel
1,Sauncho,Newgrosh,1993-12-05,19849504202
2,Ricard,Powley,1996-03-14,19280336884
3,Anna,Shellard,2006-05-21,20711339322
4,Pammi,Treagus,1960-03-15,19100244626
5,Benedikt,Ledeker,1962-09-15,20093442053
6,Andie,Simononsky,1993-06-19,20673135136
7,Hayward,Michiel,1994-11-02,20642633424
8,Wilow,Bestar,1962-10-21,20180851045
9,Gerrilee,Audibert,1972-03-17,20380134777
10,Amabel,Rodders,2002-04-26,19486363588
11,Bonny,Abbitt,1965-07-21,19587233613
12,Anton,Rubery,1970-01-28,20290904913
13,Shea,Oddey,1979-04-20,20299288264
14,Maure,Sherel,1966-12-01,20059145463
15,Daryl,Sewards,1962-04-09,20849026740
16,Ginni,Myring,1988-01-03,19620132357
17,Willem,Delgardo,1982-01-27,20833036452
18,Edgar,Spelsbury,1962-01-17,19235672623
19,Eal,Blant,1964-12-16,20256662167
20,Everard,Keyho,1970-02-02,20707660568
21,Leslie,Cone,1988-09-20,19946060891
22,Loutitia,Garr,1992-12-06,20445781177
23,Kitty,Lapwood,1980-01-31,20359667985
24,Hilliard,Wharton,1992-07-03,20566976949
25,Merrill,Campione,1965-10-11,20858991011
26,Ailsun,Cayette,1966-06-16,19542697553
27,Meridel,Tongs,1978-09-16,20442309432
28,Ferdinanda,Box,1998-07-18,20337459191
29,Fredrika,Greedy,2009-02-11,19626901976
30,Oby,Kareman,2009-01-18,19358661406
31,Holden,Lillford,1978-09-15,19489214143
32,Norma,Quilleash,1970-03-27,19109590936
33,Norma,Haynes,1966-08-01,19429410441
34,Hubie,Lalor,1970-02-16,19646533785
35,Gaston,Bradder,1961-02-14,19432453315
36,Earl,Jarley,1994-04-28,19561960684
37,Gaven,Larcombe,1978-01-04,19812244034
38,Isa,Housbey,1987-09-17,19131761239
39,Burgess,Palfery,1994-08-12,20336220252
40,Dareen,Joincey,1994-10-13,20973921870
41,Marjy,de Copeman,2000-08-26,19983613594
42,Margaretha,Heisman,1974-11-09,20414159869
43,Patrice,Balke,2001-09-06,19200289553
44,Evvy,Newick,1982-04-26,20511841115
45,Temple,Denacamp,2002-09-04,19075819075
46,Robinet,Bowld,1999-11-01,20016064054
47,Ellene,Poel,1976-11-21,19056202146
48,Brew,Goater,2002-06-10,20343167154
49,Nanny,Jacquest,1995-06-11,19556206605
50,Ellswerth,Pietesch,1975-08-21,20829026129
51,Carmel,Sear,1992-11-01,19028196185
52,Jedidiah,Harlin,1987-08-28,19597031385
53,Shepard,Dimmne,1983-01-24,20227813458
54,Aida,Haxell,1992-05-02,19924198592
55,Feliks,Fargher,1963-08-05,19330759057
56,Megan,Tumilson,2009-09-12,20639311870
57,Lonnie,Brazel,1980-05-18,20316033296
58,Min,Hodinton,1971-01-04,20308927815
59,Wilie,Gowanson,2000-01-23,19560339080
60,Maxine,Martensen,1999-05-06,19780961679
61,Malinda,Binny,1984-03-28,19037517288
62,Marchelle,Radki,1991-03-04,20015765226
63,Lorettalorna,Cornau,1965-05-30,19186591296
64,Merrie,Cleal,2002-06-25,19530483202
65,Adelind,Armfield,2002-03-29,20440360960
66,Roth,Batterbee,1992-03-20,19037614478
67,Roman,Gladwish,1993-04-08,20268511059
68,Keane,Gudeman,2008-06-29,19388370317
69,Raimondo,Sushams,1964-06-15,20395593654
70,Gregoor,Turfrey,1968-11-19,20145670333
71,Selia,Oattes,1986-09-05,20278982174
72,Cos,De Meyer,1991-06-26,20150009184
73,Shannon,Ferreres,1960-07-20,20447015866
74,Bentley,Zorener,2000-07-31,20989531010
75,Lucita,Pigeon,1994-10-30,19902409035
76,Rochelle,Claire,1991-01-12,19857782250
77,Barrett,Dulson,1971-08-21,20949396268
78,Catherina,McGrouther,1970-01-04,20660911875
79,Amby,Glass,1968-07-28,20086348832
80,Randal,Gowrich,1987-10-20,20970887978
81,Sapphira,Lingfoot,1998-04-04,19213072825
82,Dinny,Georgescu,2008-11-06,19490134835
83,Morly,Hackley,2001-07-20,19588107632
84,Bea,Emms,1981-02-17,19453606427
85,Basilio,Karpmann,1977-09-17,19103342477
86,Jaynell,Gobbett,1998-01-28,19846018441
87,Vilma,Peeke-Vout,1983-10-20,19113420317
88,Anne-corinne,Arstall,1977-11-16,19512347435
89,Saw,Gilhooley,2001-05-02,19953987063
90,Barbabra,Seawright,1960-02-20,20159479961
91,Reg,Gulston,1967-11-07,20486705292
92,Collin,Hellin,1988-04-23,20222393033
93,Delmar,Rodliff,1973-01-03,19918701628
94,Lulu,Gather,1961-01-16,20455750269
95,Vaclav,McDonnell,1964-12-12,19152729418
96,Ingamar,Ruff,1994-03-10,20922041252
97,Frants,Purry,1980-05-21,20498599352
98,Bonni,Stolz,2000-01-22,20832976251
99,Free,Janjic,1976-01-08,19960653481
100,Raviv,Bole,1995-05-23,19630443540
101,Tamas,Treharne,1964-06-23,19792338607
102,Prescott,Sculpher,1977-11-08,20752182132
103,Leelah,Tembey,2001-05-23,20534017272
104,Gertrud,MacCallion,1974-07-14,20325328535
105,Hakeem,Caldecott,1973-04-02,19127699067
106,Jolynn,Adamovsky,1970-05-08,20452434142
107,Clo,Magauran,1968-06-24,20854448851
108,Far,Boreham,1995-04-23,19659538480
109,Roland,Cosgriff,1979-10-12,19158790981
110,Goraud,Walkey,1980-06-11,20630171101
111,Morten,Paver,1979-06-30,20308482444
112,Niven,O'Gaven,1974-02-23,20797342001
113,Cherice,Iorio,2004-03-26,20419765872
114,Chan,Emslie,1980-11-11,19030889876
115,Jayson,Teape,1966-03-12,19287267712
116,Hermione,Symmons,1960-05-16,20995009020
117,Cally,Rowan,1987-02-22,20962051836
118,May,Rollinson,1969-09-29,19348677435
119,Edmon,Chiles,1979-12-19,19444653749
120,Shela,Clurow,1986-01-31,19365750130
121,Rae,Merida,2001-09-17,20732754957
122,Masha,Alfonso,1998-03-16,20912637565
123,Brander,Trevear,1965-06-13,19232614137
124,Nolan,Giannazzo,1999-04-14,20384410032
125,Roxanne,McElory,2007-08-01,19942897062
126,Bud,Rodrigo,1999-05-17,20286027114
127,Shoshana,Larman,1989-11-14,20350011186
128,Allison,Madelin,2003-05-07,19232469637
129,Bobby,Monnoyer,1965-10-22,20733806175
130,Dicky,Stigell,2003-12-09,19899719047
131,Auria,Buttress,1996-08-02,19700225355
132,Maribelle,Jest,1964-02-21,19631636065
133,Bernie,Widdison,1964-02-22,20206407355
134,Malena,Jantot,1970-09-14,20925088756
135,Abba,Impy,1962-04-26,20778805353
136,Gallagher,Perez,1971-09-25,19677871765
137,Hieronymus,Camm,1988-03-21,20532516795
138,Stillmann,Binley,1961-12-26,19448750102
139,Moira,Spilling,1976-09-21,19842596082
140,Sebastien,Openshaw,1987-08-10,20011393985
141,Morry,Coppard,1987-05-21,19599533894
142,Cherida,Thomas,2002-10-25,19291205351
143,Temp,Kunzelmann,1975-09-04,19617817174
144,Tye,Dahlen,1960-02-20,19604493894
145,Baird,McCloy,2007-12-09,20887759480
146,Ardis,Milburne,1981-09-11,20673545716
147,Alecia,Tuison,1967-08-06,20353576038
148,Phil,Butlin,1978-05-17,20535348045
149,Filmer,Casol,1963-04-05,20082326433
150,Windy,Fillis,1982-06-27,20634169695
151,Colas,Beazer,1983-09-04,20503016376
152,Irina,Popplewell,1972-12-02,19882981395
153,Maxwell,Fenning,1999-08-16,19534336458
154,Shaylynn,Coverly,1985-04-15,20198627018
155,Shirlene,Kasting,1971-11-26,19554621067
156,Melli,Shipley,1976-10-29,20003230137
157,Sutherland,Jankowski,1998-01-08,20865571061
158,Benetta,Hansberry,1960-11-30,20943814986
159,Livia,Daville,1979-11-05,19053705066
160,Darius,Worham,1966-10-22,20275760201
161,Merline,Windless,1996-09-09,19761785148
162,Glenna,Wapples,1969-01-20,20724792097
163,Daniele,Olenin,1981-05-30,20503112791
164,Dionisio,Ashpital,1965-03-15,20084787691
165,Nyssa,Longbone,1968-12-21,19018195043
166,Berne,Pulford,1973-11-02,20361677312
167,Ryan,Chesswas,1973-09-10,20854549915
168,Raymund,Djurisic,1998-07-17,20780827069
169,Pammi,McComiskey,1984-02-24,19332306490
170,Isidoro,Hatherall,1965-04-19,20739548870
171,Der,Philson,1993-08-27,19520049111
172,Ezechiel,Sedgwick,2005-01-11,20408176393
173,Cammy,Jellings,2003-11-10,20370163062
174,Alfy,Berard,1991-09-25,20750189730
175,Lombard,d'Arcy,1986-12-13,19001810187
176,Adamo,Flagg,1966-02-12,19748452901
177,Shelby,Roberto,1994-04-25,19974231069
178,Alphonse,Jiru,1980-12-01,19243650465
179,Tammy,Cattrall,1977-05-23,19288773420
180,Trenton,Gommery,2002-09-24,20079589392
181,Benjamen,Mashal,1965-02-03,19410008389
182,Maisey,Hinckesman,1986-10-30,19600150822
183,Con,Turnell,1995-11-07,19695632157
184,Kaspar,Shaul,1970-09-30,19860241337
185,Danita,Strudwick,2004-06-15,19060952678
186,Devina,Brockhouse,1962-06-15,20792956396
187,Wait,Rigmand,1981-12-16,19000842894
188,Carlo,Clilverd,2006-02-26,20818065245
189,Georgi,Batstone,1975-06-15,19489085589
190,Kellina,Prawle,1980-10-16,20280618526
191,Ingeberg,Wallsam,1970-08-11,19156340145
192,Edan,Cluelow,1981-11-04,20919269554
193,Ally,Diche,2007-05-30,20086144726
194,Allie,Marcham,2007-09-19,20425970101
195,Blondelle,Abramin,1987-04-15,20479794245
196,Marguerite,Rabl,1965-10-16,20835446848
197,Lilly,Usher,1969-10-24,19771548009
198,Haleigh,Van der Hoven,1996-04-02,19732537799
199,Bogey,Willshear,1970-05-30,19363563414
200,Rafael,Sturney,1993-01-16,19164747751
201,Micah,Tapin,1983-04-27,19761366923
202,Jeddy,Wolfer,2001-03-16,19539753195
203,Goldy,Wilstead,1999-05-28,19387409489
204,Gaylor,Ludlow,1978-11-03,19571930337
205,Rafe,Ranken,2002-01-31,20862800514
206,Georgine,Pancoast,2002-10-21,20159264590
207,Rob,Ahrens,1988-09-30,20036090192
208,Allin,Dudman,1988-03-13,20339613185
209,Bernadette,Sidsaff,1968-12-07,19815843977
210,Marcello,St. Ledger,1968-10-19,20212718232
211,Etti,Gouge,1981-06-17,20357638299
212,Wang,Sawle,1992-08-25,20988215291
213,Angelica,Casseldine,2006-04-30,19917264084
214,Giacobo,Aery,1964-02-25,19816345775
215,Leigh,Ingall,1993-06-30,19891574874
216,Waylan,Rudwell,1968-03-08,19240084389
217,Imogene,Hounsham,1999-12-24,19997700595
218,Becky,Pyvis,1969-03-22,19955016641
219,Udall,Chalker,1990-05-21,19703181078
220,Lars,Scrooby,1960-04-23,19722723289
221,Libby,Cubbit,1962-05-30,19336408558
222,Peyton,Hindes,1988-05-24,20966945467
223,Cari,Critten,1976-05-27,20883797475
224,Olly,Berntsson,1995-04-01,19586912811
225,Haven,Hincks,2007-01-15,20392903317
226,Genevieve,Curnnok,1962-06-02,19875916092
227,Dedra,Leidecker,1966-11-02,20726846270
228,Jackqueline,McKellen,1994-02-10,19195522160
229,Salaidh,Verlander,2001-09-11,19097411459
230,Carrie,Parlott,2005-01-30,20808397231
231,Elmo,Raithby,1982-12-27,20591223705
232,Sinclair,Lossman,1976-07-13,20559236738
233,Horatius,Clutheram,1987-07-09,20746319978
234,Meredith,Consadine,1968-08-06,20001679378
235,Avery,Kearley,1973-11-16,19310288064
236,Temp,Punt,1979-10-07,19571872688
237,Frederic,Bischop,1981-04-15,19470898959
238,Wallis,Stolle,1997-10-14,20313137049
239,Normy,Ballin,1975-02-21,19886480264
240,Sherie,Dadd,1964-06-11,20968885985
241,Lorne,Keri,1993-10-04,19178521469
242,Bili,Kingcott,1973-09-11,20311754447
243,Rois,Hughlock,1963-02-23,20560031663
244,Ebony,Brewster,1966-08-13,20297278582
245,Emalee,Spackman,1983-01-13,19854034154
246,Therine,Stenner,1981-12-31,19786234728
247,Teodoro,Longworthy,1961-10-04,19066322158
248,Lanni,Pott,1997-05-21,19049768751
249,Farris,Antoinet,1968-02-21,19034401425
250,Neils,Camacke,2006-03-07,20999678845
251,Ulrica,Clemenzo,1980-09-27,19353971903
252,Davide,Leynagh,1960-04-17,19603283978
253,Brewer,Caveau,1978-07-06,19277921941
254,Barron,Winear,1988-05-26,19815886108
255,Maddie,Hillett,1988-07-19,19864414724
256,Ugo,Janacek,1971-08-26,20144413694
257,Chevy,Millsom,2009-04-18,20943955949
258,Egor,Rathke,2006-08-29,20519446601
259,John,Golton,1972-08-04,20480443448
260,Dyana,Scranedge,1981-02-19,20324159660
261,Berget,Brocklebank,1977-09-17,20470232518
262,Ethyl,Madner,2003-07-25,20603047818
263,Horatia,Duffy,1980-06-18,20389802861
264,Kellia,Biggs,2004-08-25,19607393027
265,Erik,Gascar,1981-01-23,19136888188
266,Pietrek,Littlejohns,1990-04-01,19825201849
267,Lilas,Messer,1962-05-05,20497778896
268,Russ,Weekly,1973-11-06,19273528483
269,Nady,Dadswell,1971-07-02,19163286243
270,Roth,Ripper,1990-12-16,20859844662
271,Ly,Skirvane,1972-02-28,20243768790
272,Ina,Chidler,2003-08-05,20924271584
273,Shandee,Di Batista,2005-10-07,19568257039
274,Wilhelmina,Shatliff,1999-05-13,19304120051
275,Rube,Muddiman,1967-01-11,19332044811
276,Ryann,Botly,2007-04-02,19619665107
277,Darren,Karchowski,2001-03-04,20202838369
278,Emmanuel,O' Concannon,1991-05-11,19092900573
279,Aubrie,Crufts,1976-08-26,19835554514
280,Brandyn,Ferrao,1997-11-23,20527382849
281,Godiva,Gerlts,1965-09-01,19825559533
282,Bentley,Cordeux,1976-11-17,20998702609
283,Korney,Farraway,2008-12-13,20383364285
284,Viviana,Ruane,1960-02-14,19661967908
285,Nikolaos,Janiszewski,1968-06-15,20957776402
286,Serena,Bernet,2008-11-16,19229166105
287,Adah,Lowsely,1996-04-08,19244857363
288,Rhys,Marcum,2006-03-08,20668745053
289,Nissie,Jopke,2002-03-23,20771555822
290,Caryl,Akam,1988-12-25,19849043749
291,Tammara,Gallally,2006-07-01,19457939400
292,Concordia,Getley,1988-04-30,20798990420
293,Kelsi,Loudyan,1992-03-03,20825804176
294,Eydie,Dwyr,2002-07-19,19055574060
295,Kasper,MacCaughen,1998-01-17,20155673532
296,Katalin,Ivell,1997-10-22,19795602680
297,Shelden,Doggett,1987-04-17,20479373845
298,Jocko,O'Fihillie,1976-04-16,20217953278
299,Reba,Dominka,1982-07-28,19073467397
300,Alicia,Clampin,2001-05-03,20006616360
301,Esmaria,Geake,1986-10-17,19665223453
302,Beck,Lambersen,2008-05-13,19810967264
303,Leonie,Matyatin,1996-10-20,20568909073
304,Sayre,Jeness,1983-06-09,19468825545
305,Ariana,Oaten,1971-06-11,19071160122
306,Keefer,Matysik,2007-03-02,19100296008
307,Byram,Salsbury,1984-09-03,19680191741
308,Vannie,Speirs,1975-12-22,19707356081
309,Maggie,Spriggen,1991-12-03,19066224299
310,Pearline,Tompkinson,2007-10-17,20962678378
311,Stace,Henryson,1992-04-30,19698647623
312,Derk,Worlock,1982-11-15,19956378552
313,Catherina,Reichelt,1970-09-24,19387904937
314,Brad,Yelland,1983-12-31,20047196603
315,Isadore,O'Dwyer,1963-10-13,19158571814
316,Mae,Golley,2000-06-03,20146380593
317,Mason,Bogges,1987-11-23,19524430841
318,Bobbie,Marrable,1966-08-29,20582677339
319,Fayette,MacQuist,2009-11-08,19270504217
320,Dominica,Scopham,2008-03-02,20536468138
321,Lazar,Ganforthe,1986-10-27,20815809011
322,Harris,Carragher,1967-02-01,19354446036
323,Connie,Castelijn,2006-12-10,19539512463
324,Caddric,Forsdike,2006-10-23,19721020821
325,Rollie,Scranney,1999-09-22,20556638143
326,Merrily,McKim,1981-10-18,20773316836
327,Ester,Luttger,1971-03-08,20191174685
328,Benton,Hirthe,1975-05-23,19312369286
329,Floyd,Yousef,1977-09-16,20265382234
330,Kermit,Lowin,1968-06-19,20778866460
331,Artemas,Mosley,1987-01-07,20441334843
332,Ekaterina,Zorzi,2008-07-27,20450895295
333,Angel,Sorbey,1999-03-01,19075452005
334,Doloritas,Jealous,2000-04-04,19095755209
335,Arnie,Cawdell,1965-02-28,19076885652
336,Demetris,Seer,2002-04-26,20964069221
337,Theodora,Flay,1997-01-12,20451153391
338,Emily,Shailer,1984-03-04,20754804918
339,Ezri,Petrushka,1990-12-22,20975396070
340,Ilise,Dane,2004-10-27,19420007723
341,Eran,Kemmey,1966-08-15,19988319843
342,Pinchas,Bedell,1969-07-23,20119062151
343,Oren,Kinnin,1979-02-23,20171369267
344,Sheila,Hellwig,1984-04-25,19289750493
345,Bibbie,Zorzoni,1995-06-02,20768403982
346,Renee,Halling,1999-04-13,20566350252
347,Hedda,Matuszak,1964-09-19,19899997215
348,Damian,McBrearty,2005-07-06,20398190521
349,Patrizius,Holley,2006-01-01,19897979183
350,Chlo,Chamberlain,1989-12-26,19125306515
351,Paola,Wallentin,1972-08-21,20278267287
352,Randal,Heggman,1985-10-05,20310972452
353,Sig,O'Suaird,1979-05-01,19548182208
354,Theodor,Simmers,1992-09-09,19742750599
355,Gaye,Catlette,1989-12-28,20193580688
356,Lazar,Tidmas,1963-12-08,20271906395
357,Silvester,Maeer,1977-03-07,20687044818
358,Renaud,Kittle,2002-05-04,19627592835
359,Meredeth,Marks,1995-10-18,19353186555
360,Ilario,Ringwood,1991-09-11,20840109347
361,Bobbye,Gofforth,2004-09-11,19133603106
362,Joey,Noot,1961-02-10,19242570692
363,Caleb,Burrass,1976-10-30,19301358129
364,Bobina,Elderton,1981-12-21,20337454009
365,Phylis,Snook,1967-11-30,20373036150
366,Corny,Karpushkin,1977-05-03,20764912912
367,Jayson,St Louis,1984-03-02,19479002173
368,Anny,Heater,1992-11-29,19020450778
369,Jillayne,Hardway,1960-02-13,19958326083
370,Damon,Glasgow,2000-04-30,20773410863
371,Sephira,Gocher,2005-05-03,19521376457
372,Nerissa,Ughi,1985-01-08,20936789631
373,Clint,O'Day,1977-04-14,20846592130
374,Morie,Weatherup,2007-05-28,20803453424
375,Brandtr,Garry,1966-11-08,19962101902
376,Rutger,Lohmeyer,1980-01-15,20685054827
377,Claudia,Fruen,2008-10-07,20821791855
378,Fleurette,Binstead,2004-10-09,20093824876
379,Wynn,Rhodef,1998-03-13,19739193223
380,Glenda,Gurley,1987-04-07,20391671776
381,Austen,Walesby,2006-12-11,19387454423
382,Alane,Frie,1971-12-16,19504105836
383,Ardyth,Olesen,1980-12-04,20607641876
384,Tandy,Tissiman,1982-06-20,19141187612
385,Corrie,Le Brom,1968-04-05,19548189992
386,Tamas,Bravery,1963-05-08,19493246767
387,Sandi,MacRedmond,1980-12-30,20363256461
388,Torr,Morfield,1976-09-08,19616245497
389,Myca,Snar,1966-02-16,20335134668
390,Bondie,Tarte,2000-06-29,20747849061
391,Lucinda,Meakin,1991-08-20,19160169304
392,Trixie,McClosh,1988-12-07,19069367789
393,Benedick,Ide,2001-07-18,20945654776
394,Hamil,Giacometti,2004-12-14,20043557212
395,Ada,Phippin,1974-10-02,19871205959
396,Dulcea,Ravelus,2004-09-23,19539160821
397,Aindrea,Oldale,1964-04-13,20642881816
398,Novelia,Stout,1984-11-26,19410533903
399,Dane,Drayson,1983-11-15,20441554229
400,Dyna,Wyche,1965-06-17,19324944914
401,Berkley,Jorin,2009-01-23,19930189139
402,Austin,Gobeau,1966-04-26,20442631500
403,Jody,Heckle,1961-06-11,19523162974
404,Jasun,Alltimes,1962-05-17,19915436967
405,Brooks,Cords,1983-12-09,20879756269
406,Torie,Gofton,1964-06-01,20776828384
407,Basil,Aloshechkin,1979-12-07,20970359846
408,Durward,Duckels,1979-03-09,20724686816
409,Christal,Hosburn,1973-02-12,19034477467
410,Tiphanie,Bubbings,1977-07-24,20126116609
411,Julia,Pippard,1999-05-02,19926105601
412,Eziechiele,Antwis,2002-10-06,19153988296
413,Rosy,Edis,1968-10-31,20799813403
414,Mia,Bendley,1961-09-20,20604473125
415,Adriana,Richardsson,1994-11-18,20700387008
416,Annie,Petr,2008-08-11,19789127597
417,Kellsie,Luchelli,1974-03-09,20428259180
418,Saidee,Durtnel,1964-10-12,19721099737
419,Ida,Botton,1969-07-19,20032218571
420,Hazel,Argont,1986-02-04,20670696656
421,Nils,Reuther,1974-05-28,19742798479
422,Amabel,Dukesbury,2002-11-21,20626967431
423,Erroll,Blazdell,2002-05-15,20455329208
424,Mitchel,Bodemeaid,2006-12-05,20085323599
425,Cammy,Guesford,1995-01-01,20486744208
426,Lothaire,Boldison,1970-07-11,20696584332
427,Batholomew,Kitchenham,1964-11-04,19402688073
428,Burk,Disbrey,1971-07-06,19869922981
429,Cher,Dennerly,1998-05-28,20532183473
430,Kingsly,Aggas,1994-01-11,20053440106
431,Calv,Behr,1984-08-05,20549996033
432,Kacie,Partlett,1987-04-14,19237732327
433,Thorndike,Cockhill,1966-09-15,20534442506
434,Haydon,Sherred,2006-02-19,19021899723
435,Darbee,Whelpton,1995-05-13,20653275617
436,Felita,Heinreich,1969-12-16,20044810907
437,Konstanze,Scoggin,2006-12-16,19235911318
438,Lizabeth,Walduck,1984-06-04,19687156687
439,Saxon,Fowls,2006-02-23,20031956950
440,Lizzie,Hearsum,1988-01-02,20815600683
441,Roderic,Miklem,2000-07-17,19062170263
442,Demetre,Kitchingman,1964-08-12,20618594758
443,Korney,Collis,1998-03-25,19884559901
444,Alicea,Bowles,1962-01-24,19043284435
445,Lorilyn,Swapp,1990-08-02,19908391180
446,Christen,Lewnden,1975-12-27,20931144663
447,Hermia,Brummitt,1963-09-13,19291174424
448,Clay,Tregenza,1984-05-15,19593014507
449,Sabra,Le Houx,1983-10-17,19046196061
450,Onfre,Crosio,1998-10-09,20217767788
451,Desiri,Harberer,1993-04-07,20529751125
452,Wiatt,Sharrard,1973-04-29,20825944979
453,Theodora,Koba,1964-04-11,19597005766
454,Rip,Tattersdill,1971-12-06,20191397581
455,Malissa,De Nisco,1967-09-19,19211343101
456,Lauri,Burchell,1975-06-26,20781255051
457,Trixie,Gratrex,1972-10-08,19657994090
458,Belinda,McKimmie,2001-07-23,19090527432
459,Emma,Beaument,1985-08-24,20802702363
460,Germain,Pinnegar,1986-06-16,20166566281
461,Leonidas,Jeffry,1966-05-29,19668391489
462,Ward,Lacoste,1968-05-26,20536893294
463,Sarena,Wolledge,1969-12-16,20912335096
464,Reinwald,Tellenbach,2008-09-26,19814315247
465,Jereme,Tesdale,1991-06-23,20272824481
466,Elora,Cartmael,1999-11-07,19218199991
467,Adair,Vann,2001-01-21,19669172631
468,Curtice,Allonby,1961-12-26,20936214487
469,Calhoun,Relfe,1988-08-20,20102983027
470,Gianina,Letcher,2007-08-15,19909328833
471,Harley,Frawley,1960-11-08,19337114035
472,Elmer,Hymas,1966-06-28,20152857252
473,Karl,Dennick,1963-06-03,20992514620
474,Curt,Wannes,1972-10-18,19773195689
475,Gail,Lanchester,1994-08-21,19417529134
476,Kizzee,Mattia,2000-08-20,20409806605
477,Rossy,Eckersall,1975-10-11,19422833252
478,Royal,Coite,2002-09-22,20242151071
479,Drusi,Hirschmann,2008-07-22,19946017679
480,Maxi,Naulls,1975-05-05,19862253456
481,Morgan,Pechell,1986-06-10,20750076640
482,Lara,Basnett,2009-07-02,20074939960
483,Lilyan,Ditts,1997-01-21,20574090598
484,Kendre,Tarzey,1966-11-08,20419390161
485,Christie,Weymont,1976-10-21,19881689947
486,Pryce,Leefe,1986-03-17,20159941338
487,Amabel,Trafford,1969-11-07,19831803953
488,Mercy,Wackley,1990-03-17,20744205068
489,Helenka,Jouhning,1973-08-09,20173760038
490,Yorgo,Cullerne,1966-03-22,20105116879
491,Tadeo,Hodgins,2002-07-26,20339503539
492,Dwayne,Bazell,2004-11-05,20028916172
493,Justinian,Normanton,1988-09-07,19145303943
494,Melisenda,Shottin,1971-11-30,19676849539
495,Damaris,Casford,1977-06-25,20362614527
496,Malia,Raoux,1962-10-12,20162785893
497,Spenser,Duddle,1998-05-22,20835839264
498,Dunc,Verheijden,2009-05-18,19031676746
499,Dal,Mosten,1999-04-19,19521391866
500,Ode,Normanton,1994-06-26,19846165820
501,Violet,Allington,1974-09-25,20169327293
502,Blair,Collaton,1976-05-25,20180999386
503,Jessey,Sterricker,1985-11-27,19432937137
504,Idette,Goford,2002-12-07,19157983282
505,Tabatha,Arnao,1963-03-30,20103288281
506,Saxon,Ducrow,2005-10-21,20492342563
507,Franz,Lago,2001-09-18,19259426481
508,Malory,Gonneau,1978-07-29,20851718205
509,Lukas,Fenelow,1978-06-18,20913783237
510,Diahann,MacGahy,2003-11-06,20770376253
511,Fenelia,Strangman,2008-11-22,20988964323
512,Conroy,Donati,1964-07-24,19362390310
513,Gypsy,Kmieciak,1969-06-30,19143589602
514,Constantin,Trigg,2009-09-15,19629089697
515,Garreth,Forber,1984-09-01,20486251692
516,Mellicent,Samsworth,1985-02-22,19699945951
517,Balduin,Bamber,1989-12-06,19067654046
518,Maurene,Biford,1962-05-01,19841541902
519,Kalie,Sieghart,1975-02-11,19065980782
520,Cassandry,Westbrook,1977-03-26,19878030983
521,Aggi,Barthram,1974-10-28,19237009008
522,Jami,Jikovsky,1999-01-21,20020748562
523,Taffy,Summons,1999-10-17,20138169077
524,Reginald,Rayhill,1962-04-16,20387015230
525,Carey,Hatwell,1979-09-20,19773024059
526,Emmett,Stonebanks,1967-11-22,20713729743
527,Benn,Beminster,2008-05-02,20906457490
528,Reagen,Gristwood,1978-09-24,19453424321
529,Twila,Binham,2002-09-22,20475440214
530,Alethea,Onraet,1993-07-24,19973397206
531,Lacee,Siggs,1960-02-06,19020404417
532,Kevin,Boffey,1979-04-06,19690595053
533,Udell,Khoter,2009-02-16,19884756800
534,Winslow,Chesterman,1988-02-29,20630519481
535,Sampson,Brodway,1987-12-15,20337555627
536,Bonny,Gerrish,1963-02-06,20794796990
537,Daune,Radloff,2009-12-20,19264096780
538,Andriana,Savory,1996-01-14,20578431286
539,Federica,Hopfer,2001-02-24,19545156626
540,Shay,Cooksey,1978-02-23,20862875287
541,Valry,Ledgister,1963-07-02,20601177005
542,Clary,Puttnam,2001-12-17,19271107928
543,Travus,Mordacai,1973-02-06,20247474361
544,Marlyn,Sandham,1961-10-03,19823623542
545,Emelita,Llewellyn,1983-04-20,19936284304
546,Corrine,Viant,1984-07-23,20757370037
547,Gordy,Villa,2000-12-08,20675841057
548,Rick,Liggens,2005-07-18,20067302792
549,Gwynne,Davall,1980-06-07,20017959783
550,Joni,Bunstone,1970-01-21,20939769794
551,Desdemona,Lechelle,1969-09-30,20169172789
552,Dalt,Durrell,1981-07-15,20000071808
553,Desmund,Baldery,1963-09-13,19129998530
554,Elia,Botly,1989-01-19,19589649916
555,Janith,Girvan,2003-03-24,20022709981
556,Tiffy,Cleeton,2009-05-25,20558045116
557,Nerti,Botten,1960-09-10,19173612253
558,Angelique,Kindleysides,1970-03-13,19448233544
559,Sande,Bulleyn,1994-09-29,20654517383
560,Germaine,Dutch,2005-09-07,19718010664
561,Merwin,Kibel,1972-05-12,20723268919
562,Meredith,Lovart,1964-06-13,19182920045
563,Donetta,Shearme,1962-11-30,19166325980
564,Terri-jo,Weepers,2004-05-08,19046342097
565,Arty,Pigne,1963-03-20,19010537421
566,Kayle,Caughtry,1994-12-03,20414624308
567,Nancey,Jewett,1991-09-26,19717962910
568,Odo,Wehner,1968-12-01,20278303509
569,Robinia,St. Leger,1973-09-29,20349310862
570,Rainer,Cotillard,1963-11-25,20733250106
571,Matthieu,Antoni,2007-01-25,20730477570
572,Lian,Foulis,2000-06-07,19035524648
573,Eileen,Aggett,1990-07-07,20869615301
574,Audrey,Danels,2001-04-30,19814382514
575,Jerrine,Wheatcroft,1978-03-02,20131867785
576,Thatch,Aldie,1973-12-27,20263449368
577,Yasmin,Burbidge,1963-09-14,20032274553
578,Bettina,Jelf,1984-07-21,20026672256
579,Carney,Vassbender,1983-08-17,19386441703
580,Hendrik,Filippucci,1986-09-22,19310843303
581,Oralie,Riha,1964-06-14,20103979513
582,Cory,Strutton,1963-01-22,20707293125
583,Kristine,Dewerson,1992-11-09,19361319691
584,Royall,Hiddy,1999-11-14,20724201586
585,Timoteo,Jakeway,1980-03-08,20198443022
586,Bee,Bratley,2002-05-13,19699851092
587,Blakeley,Kidder,1984-05-06,19847727286
588,Reynard,Poynton,1968-05-19,19173678846
589,Natal,Kahan,1994-03-04,20034734465
590,Billie,Eplate,1996-07-09,20669877840
591,Piotr,Jerzak,1982-11-06,19249666332
592,Fayth,Gleave,1996-08-13,20293605871
593,Florry,Evitts,1966-09-02,19505334371
594,Aida,Caroli,1967-08-18,20309731011
595,Greer,Brundall,1984-08-27,19722628858
596,Saunder,Redwin,1964-04-12,20787692415
597,Caitlin,Leindecker,1971-03-04,20873326049
598,Malchy,Ortes,1965-11-06,19210374779
599,Blake,Maryska,1985-06-23,20652942688
600,Merilee,Lapthorn,1966-07-22,19758758078
601,Ferdinanda,Matzkaitis,1981-06-28,20013659653
602,Cathrin,Reyner,2002-04-16,20586746776
603,Salvatore,Miles,1972-12-16,20121263066
604,Abbe,Bartozzi,2003-03-02,20595299768
605,Celia,Bremond,2000-01-04,19955426422
606,Audy,Wilsher,1975-11-06,20609878236
607,Isis,Starling,1973-04-28,19077938310
608,Gaven,Kingett,1971-12-07,19637755018
609,Noak,Firle,1984-09-27,20780536331
610,Danni,Greening,1989-07-03,19127010650
611,Josephina,Lerego,2006-04-25,20680164660
612,Amble,Barby,1969-07-04,19870796711
613,Clementina,Fettis,2007-11-25,19726848596
614,Tillie,Ochterlonie,1974-08-12,20547201941
615,Gayle,Perkis,1997-02-12,19893180149
616,Garth,Kits,1969-06-13,19325894614
617,Zaneta,Louiset,1975-09-22,19869195591
618,Britney,Haime,1999-02-27,19107828861
619,Nero,Dunnan,2009-11-06,19866057029
620,Teodora,Gullyes,2002-10-20,19913895606
621,Steffie,Griffey,1967-02-14,19190663956
622,Nikkie,Wassung,1966-12-02,20816127326
623,Cornie,Dacombe,1990-09-12,19069772650
624,Faustina,Doogue,1990-12-13,19682733391
625,Cristian,Eddoes,1999-08-01,20128657900
626,Gui,Cattini,1982-02-03,20829559623
627,Luella,Corrett,1984-08-15,19531891846
628,Sheffie,Escot,1967-04-28,19910114278
629,Kassandra,Kordas,1998-01-28,19594566437
630,Had,Marchent,1973-02-10,20369992955
631,Stacy,Loveitt,1961-11-09,19092718034
632,Faustina,Urian,1973-06-27,19674838075
633,Dave,Chance,1988-02-08,19908768458
634,Dav,Toy,1994-12-27,20963759733
635,Karleen,Vautre,1982-08-08,20813239248
636,Meagan,Cutteridge,1994-01-29,19333149239
637,Falito,Rodolf,1991-09-06,20303429196
638,Hashim,Devlin,1976-06-06,19512751518
639,Agosto,Rosekilly,1999-12-13,20251033626
640,Garret,Kobsch,1996-02-14,20948919916
641,Violet,Browne,1987-03-24,20921399149
642,Tarrance,Mansion,1970-05-12,19960677952
643,Davis,Ayre,1976-02-06,20655795209
644,Jamey,Edward,2000-04-18,19480585654
645,Rois,Silbermann,2004-09-29,20159983908
646,Coleen,Balducci,1971-02-21,19095765017
647,Tiebold,Eckley,2003-02-28,20300739660
648,Corny,Cerro,1998-06-10,20727198332
649,Timoteo,Christy,1981-03-04,19909488904
650,Iris,Philimore,2002-08-14,19961166060
651,Lona,Brash,1997-08-22,19760399349
652,Rori,Vergo,1995-01-25,20083734883
653,Ellissa,Gallager,1981-10-12,20884941449
654,Emiline,Niles,1998-02-06,19031335453
655,Micaela,Cumberbatch,1969-01-22,19581728476
656,Evonne,Kenright,1972-01-27,20830820038
657,Portia,Bernardoux,1976-01-23,20249334244
658,Fred,Mungin,1990-03-24,20488403374
659,Daisey,Bartolozzi,1997-05-04,20243198924
660,Drew,Forsaith,1978-12-03,19474795310
661,Gusty,Bleyman,1981-06-23,19925704803
662,Sydelle,Morales,1982-09-22,19852049826
663,Sterne,Vergine,1976-03-02,19644485469
664,Cara,Meldrum,1989-07-14,20959503803
665,Bill,Eudall,1964-07-18,20029683441
666,Kimmi,Whitcombe,1995-03-10,19442532407
667,Lilah,Rosenhaus,1973-01-29,19056218418
668,Vanya,Kaveney,1963-02-02,19733503741
669,Othello,Stocky,1998-02-22,19922658116
670,Harry,Kemmis,1990-06-04,20468294184
671,Ilene,Labdon,1989-01-28,20671793022
672,Burr,Salmond,1978-04-16,19244272372
673,Georgi,Ottosen,1979-01-30,20828844650
674,Cindee,Buye,1971-05-25,19829395908
675,Judah,Iceton,2003-12-16,20703833576
676,Georgeanna,Maccaig,1961-01-26,20672944658
677,Lem,Kermannes,1961-08-28,19633617200
678,Keri,Bakes,1985-04-02,20357537094
679,Ingaberg,Poulsen,1963-12-03,20695948973
680,Rasla,Barge,1977-06-10,20262556315
681,Jobina,Teggin,1990-10-16,19636113688
682,Hilary,Dello,1994-01-24,19070253484
683,Whitby,Bolden,1977-05-31,19854902580
684,Edlin,Maynard,1960-07-07,19188681766
685,Mamie,Couthard,1987-03-01,20100707469
686,Ondrea,Glyde,1967-09-25,19539519163
687,Veronike,Britee,1993-11-24,20001264103
688,Del,Wyd,1977-12-18,19673028532
689,Sibelle,Meert,2008-06-29,20234516155
690,Doria,Reader,1985-01-20,19114475563
691,Alonso,Lampitt,1979-03-03,20451787723
692,Ros,Edensor,1977-11-14,20312270328
693,Jsandye,Ricket,1969-03-20,19870477185
694,Rand,Burgoine,1966-10-31,19313803078
695,Weider,Hansed,1967-05-14,19560335350
696,Ambrosi,Crooks,1977-10-02,20180201190
697,Vina,Scoines,1964-11-04,19839933662
698,Tomasina,Arnal,1985-04-21,19619135162
699,Carmela,Colaco,2007-03-29,20568036801
700,Jeanette,Henriques,1987-04-08,19123604812
701,Goober,Luckey,1989-07-02,20236681832
702,Tobye,Summerson,1983-03-17,19608838646
703,Margaux,Fumagallo,1961-11-09,19785121998
704,Berthe,Netherclift,1994-09-11,20919122387
705,Lotty,Saffer,1967-12-15,19238261682
706,Ursa,Tebbit,1997-12-10,20426458531
707,Marlo,Messer,1996-01-02,19880623765
708,Clerissa,Milmoe,2005-10-09,19168138959
709,Liva,McAvey,1973-02-21,20876139019
710,Heinrik,D'Agostino,1971-10-25,20127100487
711,Tessie,Hans,2006-03-05,19732950545
712,Stevana,Sanford,1975-10-31,19666324121
713,Gwen,Morsley,1997-08-17,19955179035
714,Nadean,Pennacci,1972-10-18,19522183611
715,Ulberto,Wildblood,2001-10-28,20055275035
716,Zebadiah,Gercken,1970-11-29,20556185634
717,Aleta,Summons,1969-03-02,20681954554
718,Ruthie,Fullalove,2002-04-04,20916450844
719,Lexy,Life,2003-09-15,19759164498
720,Regine,Tully,2009-07-03,20851855701
721,Thomasine,Tegeller,1973-09-26,19036872509
722,Clement,Halksworth,1988-01-02,20984401702
723,Melania,Squirrel,1991-05-29,19768018429
724,Teresa,Chater,1992-09-09,20091362906
725,Chan,Doornbos,1985-07-29,20086580922
726,Zea,Flucks,2009-07-14,20973368007
727,Ricky,Walisiak,1975-12-04,20017904149
728,Vanni,Ingley,1962-01-28,19865832891
729,Thekla,Logsdail,2002-04-23,19835114711
730,Kaye,Hutchin,1991-05-07,19396746407
731,Kylie,Darko,2006-08-30,19726923494
732,Sammie,Kesby,1964-07-28,19667760836
733,Angelico,Bonhome,1987-04-17,20023099257
734,Karel,Lamperti,2005-08-24,19039800703
735,Barry,Dawidsohn,1979-12-09,19072194909
736,Alfie,Kave,2006-08-13,20347099982
737,Peyter,Probart,1983-03-29,19390348071
738,Udall,Crosby,1963-11-04,20482354714
739,Leontine,Marskell,1967-07-18,20554786369
740,Jobye,Monks,2008-06-21,20963839945
741,Isaac,Chadwin,1983-02-19,20264342386
742,Gretel,Romei,1962-08-27,20969610299
743,Fax,Rollings,1993-09-04,19986177338
744,Jena,McOwen,1998-10-23,20657801058
745,Barrie,Zelley,2001-08-05,19006979311
746,Madel,Cheeney,2006-06-10,20928975339
747,Kermit,Kinahan,1966-10-23,19464979470
748,Tymothy,Hacaud,2003-12-01,20562336912
749,Caye,Broadwell,1974-02-14,20612051776
750,Wynnie,Greenly,2001-05-04,20106698883
751,Lynde,Coutts,1972-10-15,19452392090
752,Giulia,Ruos,1965-11-20,20593714860
753,Correna,Headings,2001-05-10,20530983944
754,Cleavland,Luberto,1989-06-27,20295737353
755,Othella,Chatenet,1975-12-22,19569770225
756,Nolana,Brompton,1992-07-27,20377077771
757,Myrtia,Dunnett,1962-03-17,19887451596
758,Aloin,Chidlow,1983-12-13,19597535677
759,Myrtia,Shasnan,1976-05-31,20038193665
760,Nedda,Ormesher,2007-05-07,19579433738
761,Fenelia,Tradewell,1961-07-05,20488202971
762,Raviv,Bedboro,2008-11-03,19317446917
763,Cris,Rumford,2008-07-18,20553361877
764,Jeffrey,Vasishchev,1984-03-31,20634211220
765,Dex,Wiggall,1984-09-23,19164111952
766,Carlina,Chape,2001-05-10,19826248904
767,Raimund,Phizackarley,1990-08-17,20551316809
768,Analise,Botwright,2006-11-18,19892634054
769,Brigit,Gladtbach,1967-03-01,20201390539
770,Horacio,Organer,1970-05-15,20378690179
771,Buckie,Chanders,1989-06-30,20536753458
772,Bili,Thackham,1988-12-13,20175109673
773,Dana,Iskowicz,1992-09-08,20545329704
774,Doralynn,Watson,1985-10-02,20700612165
775,Demetrius,O'Gavin,1971-12-08,19390673809
776,Dennis,Matis,1960-08-01,19172106691
777,Killy,Connikie,1980-04-04,20296887422
778,Hurleigh,Majury,1987-11-18,19033805940
779,Gene,Fullun,1971-09-09,20207745329
780,Trueman,Giorgiutti,1976-08-16,19597186427
781,Rainer,Pegrum,1965-06-04,19413189139
782,Del,Cosgrave,1962-08-30,19422116718
783,Sella,Calcutt,1997-09-23,19613838400
784,Delmer,Lockner,2002-04-13,20106153215
785,Ced,Pardy,1992-01-19,19698399099
786,Petey,Goldney,1982-03-19,20820924425
787,Elly,Crowcum,1966-05-07,19220810126
788,Wendell,Balmann,1988-03-29,19509532559
789,Cecelia,Lile,1983-08-11,19006668257
790,Tonie,Shorto,1993-10-27,19135477365
791,Stepha,Pirrey,1965-12-17,20878718664
792,Sascha,Mackro,1982-09-03,20842065585
793,Seymour,Duffett,1970-08-01,19124784896
794,Lynda,Hartrick,1967-06-07,19067851066
795,Dannie,Zettoi,1983-08-15,19189302691
796,Tabbatha,Corbert,2008-06-04,19867409632
797,Selene,Cicchitello,1983-09-02,20661609856
798,Kort,Baylis,1960-07-30,19122733834
799,Merrile,Vida,1972-09-26,20469530918
800,Kirstin,Gowling,1999-07-29,19555561392
801,Berton,Forsyde,1978-08-04,19647097556
802,Reinaldo,Bertlin,1996-12-20,19994702759
803,Othilie,Blinkhorn,1961-08-27,19694051199
804,Hatty,Shirtcliffe,1991-12-30,20103799129
805,Minnnie,Calvey,2004-11-11,20183419963
806,Sutherland,Riatt,1999-12-27,19324366549
807,Ker,Heater,2006-09-25,20956601709
808,Wayland,Benda,1983-12-25,20930186961
809,Edeline,Aizikov,2002-05-21,19940645625
810,Nye,Abrahams,2009-07-16,19603649621
811,Livvy,Stenet,1987-04-15,19317261374
812,Courtney,Bowland,2007-07-10,20088006230
813,Marylynne,Lazare,2005-09-20,19391722555
814,Roarke,Bransgrove,1999-03-30,20629011748
815,Claudius,Burnell,1979-07-13,20767776018
816,Shelby,Chamley,1981-05-31,20755904452
817,Thain,Reiner,1976-03-07,19493450730
818,Darcie,Levicount,1965-09-21,20001463208
819,Leyla,Medlar,1970-02-16,19174666578
820,Broderick,Altham,1988-03-04,20579290146
821,Nertie,Cage,1999-03-08,20577922879
822,Charlene,Cardoso,1988-11-12,20663492450
823,Ciro,Ballam,1973-02-18,20819686836
824,Nelle,Klich,1983-10-05,19929714985
825,Charo,Figurski,2004-04-03,20813577027
826,Rebekah,Karlolczak,1981-01-20,19669610239
827,Jesse,De Ferraris,1982-12-29,19196012639
828,Kilian,Blezard,2007-04-19,20585018106
829,Alissa,Simenel,1992-10-24,20367055384
830,Josepha,Andreazzi,2006-05-30,20776953824
831,Eddy,Mealand,1979-11-20,19537409562
832,Jayson,O'Loughane,1970-07-14,19949278050
833,Giana,Iannetti,2006-02-23,20235748738
834,Pansie,Dyte,1987-11-28,19866203965
835,Shurwood,Rush,1970-04-23,19349831025
836,Max,Klimowicz,1965-07-30,19506978681
837,Hunter,Catterill,1966-02-08,19792538343
838,Maddie,Hosby,1999-12-30,20542497832
839,Evangelia,Barnes,1967-09-10,20712046469
840,Thomasine,Fagence,1967-01-06,19909471384
841,Addi,Kuhnel,1967-03-31,20956371258
842,Doralia,Vasilenko,1996-07-11,19670576121
843,Lorrayne,Cropp,1976-06-08,19194910760
844,Lindsy,Boulder,1981-05-16,19890488155
845,Elli,MacGahy,1994-09-05,19886636480
846,Emelina,Venturoli,1979-02-03,20686430471
847,My,Heersema,1965-05-16,19756199158
848,Charmain,Reyner,1999-12-26,20257565845
849,Lesya,Gilligan,1981-05-03,19095153842
850,Milicent,Turnpenny,2007-07-18,20693782582
851,Terencio,Bloodworth,1962-08-03,19036684107
852,Emmalyn,Aindrais,1996-12-22,19161017075
853,Bess,Simister,1989-08-28,20103410226
854,Francoise,McCracken,1962-03-11,19054830948
855,Bonny,Cade,2005-10-21,19804180599
856,Carlos,Lansdown,1961-08-20,20423999045
857,Hollyanne,Forestel,1965-03-31,20677046534
858,Cymbre,MacFadzean,1979-08-26,19857157300
859,Saul,Daouze,1984-02-27,20731611162
860,Brenda,Skyrm,1972-12-10,20444932457
861,Euphemia,Reoch,2006-09-29,19484446950
862,Danielle,Mapplebeck,1995-11-21,19348335600
863,Hieronymus,Dallan,1969-12-08,20908922732
864,Yorgos,Flack,1978-08-23,20883907292
865,Munmro,Boules,2006-12-25,19551188479
866,Peterus,Alliband,1963-08-23,19876090866
867,Tiffani,Hammel,1996-12-10,19869213879
868,Dyna,Wickerson,1999-11-28,20323506045
869,Cyrillus,Thursfield,1964-05-09,19428824937
870,Verne,Vasic,1976-08-25,19314399371
871,Marcelia,Damerell,1998-11-06,19067823169
872,Amory,Copper,1981-09-30,20203925384
873,Cammy,Boughen,1981-10-07,20076215016
874,Toddie,Meany,1983-09-13,19696590565
875,Kelby,Phayre,1969-06-17,19147345855
876,Pennie,Gever,2003-01-01,19486273097
877,Rodrick,Wackley,1996-12-29,19545344984
878,Teressa,Elijahu,1962-04-08,19676690513
879,Linn,Zimmermanns,1981-05-14,19566762622
880,Vittorio,Worpole,1961-04-02,19721136925
881,Carilyn,La Batie,1979-05-13,19878476837
882,Sydel,Castagno,2004-09-15,19052256964
883,Myra,Andreutti,1996-02-23,20232606511
884,Matilda,Trusslove,1996-11-27,20891298811
885,Marietta,Shallo,1991-10-26,19301108422
886,Kirsten,Ruckert,1990-05-20,19557378705
887,Erwin,Beckitt,1986-06-24,19948913708
888,Martin,Bean,1984-09-15,20146028528
889,Nessy,Pllu,2002-10-08,20232963710
890,Lorna,Urion,1988-03-22,20629271953
891,Aubrey,Tunnick,1980-09-13,20982985113
892,Corilla,Joskowitz,1969-11-09,19334111104
893,Charlot,Ellse,2000-04-04,19123646536
894,Skyler,Commusso,1998-05-31,19001241554
895,Gorden,Eastwood,2007-12-21,20363594016
896,Cirillo,Brinsden,1999-10-23,20648388878
897,Roxine,Mount,1984-08-06,20251052165
898,Emogene,Simmonite,1988-06-14,19338676380
899,Catherine,Stucke,1961-09-14,19041337999
900,Emera,Corkel,1985-11-15,20584983868
901,Roberta,Putnam,2003-06-02,20768994925
902,Anett,Grinstead,1983-01-17,20245549753
903,Gun,Kinnard,1979-01-25,20803176775
904,Colas,Colton,2005-08-02,20272056879
905,Pooh,Ivanenkov,1998-10-29,19811339801
906,Lothario,Swine,1975-03-29,19763496304
907,Clair,Paynter,1990-07-08,20901567336
908,Tessy,Grimsley,1961-05-05,20037880654
909,Wyatt,Hasard,1986-03-18,19287561982
910,Titus,Etherington,2005-10-26,20902176595
911,Linc,Warcop,1972-02-14,20311478862
912,Val,Cholomin,1980-03-06,20770892617
913,Annette,Deval,2004-10-18,20174427793
914,Eustacia,Delwater,1975-07-18,20883009406
915,Stevana,Walden,2008-09-23,20110076613
916,Celka,Coventry,1985-01-29,20929529019
917,Cherri,de Amaya,2009-12-02,19522115945
918,Joachim,Ivimey,2002-02-23,19747714737
919,Allis,Traise,2007-11-12,19446497038
920,Kelcy,Jennions,2001-12-22,19664999975
921,Brenn,Matokhnin,1995-05-11,20541933475
922,Meggy,Lakes,1996-02-25,19014653316
923,Vivia,Narrie,1998-10-29,20466578772
924,Evanne,Laughnan,1964-02-03,19346022448
925,Burnard,Houston,1999-09-29,20616176969
926,Reese,Caizley,1970-10-27,20194709691
927,Jaquenetta,Amies,1993-12-09,20365990960
928,Fredrick,Vasichev,1995-05-23,19971826575
929,Sephira,Rudderham,2004-09-07,19229410613
930,Berni,Freezor,1967-06-26,19627168240
931,Carol,Armour,1962-11-30,19052546235
932,Granny,Rubee,1988-10-25,20015694178
933,Bette-ann,Tommasetti,1964-09-01,19261132179
934,Jonathon,Sharratt,1960-06-11,19897553608
935,Byrom,Piddock,1981-10-04,20328840641
936,Ermina,Aberhart,1984-08-14,20671042699
937,Annadiane,Sowden,2001-02-16,19640712728
938,Lizbeth,Hargreaves,1963-11-22,20656310351
939,Karlis,Sutehall,1988-01-17,19870041106
940,Kissee,Whewell,1962-11-25,20639991252
941,Porter,Coyne,1999-04-13,20269898092
942,Lennie,Pelman,1990-08-14,20696786964
943,Barbabra,Blamires,1964-10-29,19522877288
944,Cornie,Roughley,1965-01-25,19042115514
945,Daisey,Borthram,1965-12-27,20454022375
946,Cesya,Pietsma,2007-04-25,20972763341
947,Regine,De Rechter,1990-09-14,20112450417
948,Saul,Darbyshire,2008-02-18,19311785823
949,Amil,Rudderham,1973-09-16,19001822580
950,Aloin,Hooke,1965-07-29,19617961292
951,Glennis,Skaif,1981-09-01,20141634370
952,Addy,Casacchia,2003-03-02,19025342319
953,Pernell,Heeley,2009-06-17,20572443643
954,Kathi,Bourcq,2007-03-15,20490730860
955,Hynda,Ruoss,1968-10-13,19031202775
956,Antonie,Cattell,1992-05-06,20152604772
957,Stephanus,Sabine,1978-01-14,19774264978
958,Gun,Jaquest,2000-06-17,20487761007
959,Karisa,Sofe,2004-10-02,20076637407
960,Ingeborg,Yankov,1965-04-17,19529232079
961,Angy,Utridge,1974-09-22,19649710013
962,Esdras,Finley,1992-12-21,20159601216
963,Elaina,Micah,2007-09-06,19059704875
964,Harli,Dunstall,1996-05-14,20482740429
965,Fiona,Vogele,1974-06-22,19684621019
966,Darleen,Lewry,1999-09-06,19842117004
967,Sybille,Tarte,1981-01-24,20886575126
968,Britte,Driscoll,1964-04-30,19310038614
969,Evangeline,Losty,1980-03-12,20522606861
970,Beverley,Kyme,1987-08-06,19475541149
971,Ricki,Whetton,1988-07-18,19148362043
972,Honey,Scallan,2002-11-20,20886912608
973,Patin,Boydon,1989-06-29,19723088803
974,Ciro,Minelli,1972-01-14,19975052930
975,Law,Andrzejewski,1979-06-21,19674056378
976,Vidovic,Anthoine,1974-08-22,19315085740
977,Consalve,Guiot,2008-01-09,19722116364
978,Seumas,Silverman,1996-01-26,20690448178
979,Cole,Rowlson,1976-04-27,20748161876
980,Clair,Beckley,1967-09-24,20490417730
981,Cynthia,Sahlstrom,1971-06-27,20789393240
982,Dudley,Broader,1984-10-09,20842576490
983,Hermina,O'Henecan,1983-11-15,20681461495
984,George,Giacopini,1974-10-20,19183444258
985,Hartley,Ableson,1986-09-05,20013855096
986,Katharine,Tattershall,2009-12-07,20594498544
987,Hestia,Wakes,1972-03-05,19084460487
988,Lulita,Ledingham,1961-04-12,19460389238
989,Dallas,Byfford,1986-02-25,20810539497
990,Clywd,Timberlake,2007-06-14,20668586076
991,Thedric,Vedeneev,1977-06-17,20313050729
992,Selma,Woodcock,1995-10-18,20625750763
993,Heddie,Levet,1970-06-12,20380295153
994,Robenia,Murrigan,1964-12-21,19252078953
995,Agnes,Kalinsky,1971-06-20,19802472711
996,Raye,Beeres,1973-07-13,19935825369
997,Ermentrude,O'Heaney,1961-01-14,20667693572
998,Bartel,Bagnell,1979-11-02,19888286425
999,Mohandas,Grumble,2005-11-20,19127064084
1000,Gretna,Nethercott,1971-08-21,19570234762
